{
  "R_ohm": 39800,
  "C_nominal_F": 1E-7,
  "C_mistake_F": 0.0001,
  "fc_nominal_Hz": 39.988679168817931,
  "fc_mistake_Hz": 0.039988679168817924,
  "frequencies_Hz": [
    5,
    39.988679168817931,
    60,
    250
  ],
  "labels": [
    "5 Hz ECG",
    "f_c",
    "60 Hz",
    "250 Hz Nyq"
  ],
  "nominal_magnitude_dB": [
    -0.067371662290564724,
    -3.0102999566398125,
    -5.1205358900845566,
    -16.029777750769753
  ],
  "nominal_phase_deg": [
    -7.1270127078266876,
    -45.000000000000007,
    -56.31741738556525,
    -80.9122528780435
  ],
  "mistake_magnitude_dB": [
    -41.940936677632827,
    -60.000004342942646,
    -63.524285745413778,
    -75.920059093193274
  ],
  "mistake_phase_deg": [
    -89.541773260869391,
    -89.94270423958551,
    -89.961813629909429,
    -89.990835269899463
  ],
  "plot_path": "submission_assets/live_gui_evidence/benchmark_01_textbook_rc/plots/rc_bode_annotated.png"
}